key,creationMoment,title,autor,body,email
chirp-01,2022/01/01 19:00,Title of Chirp 1,Autor 1,Body 1,null
chirp-02,2022/02/01 20:00,Title of Chirp 2,Autor 2,Body 2,null
chirp-03,2022/03/30 12:00,Title of Chirp 3,Autor 3,Body 3,autor3@gmail.com
chirp-04,2022/03/10 18:00,Title of Chirp 4,Autor 4,Body 4,autor4@gmail.com
chirp-05,2022/03/25 10:00,Title of Chirp 5,Autor 5,Body 5,null
chirp-06,2022/03/22 18:00,Title of Chirp 6,Autor 4,Body ,autor4@gmail.com
chirp-07,2022/03/14 18:26,Title of Chirp 7,Autor 5,Body ,autor4@gmail.com
chirp-08,2022/03/15 18:15,Title of Chirp 8,Autor 6,Body ,autor4@gmail.com
chirp-09,2022/03/17 12:00,Title of Chirp 9,Autor 3,Body ,autor4@gmail.com
chirp-10,2022/03/04 18:00,Title of Chirp 10,Autor 7,Body ,autor4@gmail.com
chirp-11,2022/03/25 00:01,Title of Chirp 11,Autor 8,Body ,autor4@gmail.com
chirp-12,2022/03/25 00:00,Title of Chirp 12,Autor 9,Body ,autor4@gmail.com
chirp-13,2022/03/24 23:59,Title of Chirp 13,Autor 2,Body ,autor4@gmail.com
chirp-14,2022/03/16 15:40,Title of Chirp 14,Autor 6,Body ,autor4@gmail.com
chirp-15,2022/03/10 11:59,Title of Chirp 15,Autor 3,Body ,autor4@gmail.com
chirp-16,2022/02/15 18:00,Title of Chirp 16,Autor 8,Body ,autor4@gmail.com
chirp-17,2022/02/14 13:59,Title of Chirp 17,Autor 4,Body ,autor4@gmail.com
chirp-18,2022/01/01 00:01,Title of Chirp 18,Autor 8,Body ,autor4@gmail.com
chirp-19,2022/01/01 00:00,Title of Chirp 19,Autor 9,Body ,autor4@gmail.com
chirp-20,2021/12/31 23:59,Title of Chirp 20,Autor 1,Body ,autor4@gmail.com
chirp-21,2022/01/01 13:00,Title of Chirp 21,Autor 5,Body ,autor4@gmail.com
chirp-22,2022/03/06 17:30,Title of Chirp 22,Autor 3,Body ,autor4@gmail.com
chirp-23,2022/03/05 15:00,Title of Chirp 23,Autor 2,Body ,autor4@gmail.com
chirp-24,2022/03/10 11:00,Title of Chirp 24,Autor 2,Body ,autor4@gmail.com
chirp-25,2022/02/10 10:00,Title of Chirp 25,Autor 5,Body ,autor4@gmail.com
chirp-26,2022/03/10 09:00,Title of Chirp 26,Autor 7,Body ,autor4@gmail.com
chirp-27,2022/03/10 08:30,Title of Chirp 27,Autor 8,Body ,autor4@gmail.com
chirp-28,2022/01/11 08:00,Title of Chirp 28,Autor 4,Body ,autor4@gmail.com
chirp-29,2022/03/10 07:00,Title of Chirp 29,Autor 3,Body ,autor4@gmail.com
chirp-30,2022/01/10 06:00,Title of Chirp 30,Autor 2,Body ,autor4@gmail.com
chirp-31,2022/03/11 05:00,Title of Chirp 31,Autor 4,Body ,autor4@gmail.com
chirp-32,2022/03/10 23:00,Title of Chirp 32,Autor 7,Body ,autor4@gmail.com
chirp-33,2022/03/20 22:30,Title of Chirp 33,Autor 8,Body ,autor4@gmail.com
chirp-34,2022/03/10 21:30,Title of Chirp 34,Autor 4,Body ,autor4@gmail.com
chirp-35,2022/03/17 21:00,Title of Chirp 35,Autor 4,Body ,autor4@gmail.com
chirp-36,2022/03/10 18:40,Title of Chirp 36,Autor 5,Body ,autor4@gmail.com
chirp-37,2022/03/24 16:20,Title of Chirp 37,Autor 4,Body ,autor4@gmail.com
chirp-38,2022/03/27 15:30,Title of Chirp 38,Autor 3,Body ,autor4@gmail.com
chirp-39,1900/01/01 12:00,Title of Chirp 39,Autor 1,Body ,autor4@gmail.com
chirp-40,1900/01/02 00:00,Title of Chirp 40,Autor 1,Body ,autor4@gmail.com
chirp-41,1900/01/03 00:00,Title of Chirp 41,Autor 1,Body ,autor4@gmail.com
chirp-42,1900/01/04 00:00,Title of Chirp 42,Autor 4,Body ,autor4@gmail.com
chirp-43,1900/01/05 00:00,Title of Chirp 43,Autor 5,Body ,autor4@gmail.com
chirp-44,1900/01/06 00:00,Title of Chirp 44,Autor 3,Body ,autor4@gmail.com
chirp-45,1900/01/07 00:00,Title of Chirp 45,Autor 4,Body ,autor4@gmail.com
chirp-46,1900/01/08 00:00,Title of Chirp 46,Autor 3,Body ,autor4@gmail.com
chirp-47,1900/01/09 00:00,Title of Chirp 47,Autor 4,Body ,autor4@gmail.com
chirp-48,1900/01/10 00:00,Title of Chirp 48,Autor 8,Body ,autor4@gmail.com
chirp-49,1900/01/11 00:00,Title of Chirp 49,Autor 9,Body ,autor4@gmail.com
chirp-50,1900/01/12 00:00,Title of Chirp 50,Autor 4,Body ,autor4@gmail.com